{"mean_homo": {"method": "ransac_icp", "voxel_size": 0.06, "noise_src": 0.04, "num_points_src": 242078.0, "num_points_tgt": 7801331.288888888, "time": 10.88985996072491, "error_r": 9.796774867800272, "error_t": 88.37569513923589, "children": [], "ratio": 0.0}, "stddev_homo": {"method": "ransac_icp", "voxel_size": 0.06, "noise_src": 0.04, "num_points_src": 0.0, "num_points_tgt": 6102219.882806186, "time": 6.8156378248913, "error_r": 36.11397977774053, "error_t": 1539.8059169245207, "children": [], "ratio": 0.0}, "mean": {"r_upper_bound_success": 2, "t_upper_bound_success": 0.8, "r_upper_bound_fail": 8, "t_upper_bound_fail": 10, "statistics": {"voxel_size: 0.1": {"noise_src: 0.02": {"succ": {"method": "", "voxel_size": 0.0, "noise_src": 0.0, "num_points_src": 242078.0, "num_points_tgt": 4488565.027816412, "time": 9.120885459703597, "error_r": 0.009383035014956796, "error_t": 0.08668401896632495, "children": [], "ratio": 0.7489583333333333}, "fail": {"method": "", "voxel_size": 0.0, "noise_src": 0.0, "num_points_src": 242078.0, "num_points_tgt": 4608017.872881356, "time": 9.55156657251261, "error_r": 0.4263967976831432, "error_t": 3.7324332546220447, "children": [], "ratio": 0.12291666666666666}, "fail_total": {"method": "", "voxel_size": 0.0, "noise_src": 0.0, "num_points_src": 242078.0, "num_points_tgt": 3799753.0081300815, "time": 8.37285191644498, "error_r": 83.18216494871085, "error_t": 1513.3037643033572, "children": [], "ratio": 0.128125}}, "noise_src: 0.04": {"succ": {"method": "", "voxel_size": 0.0, "noise_src": 0.0, "num_points_src": 242078.0, "num_points_tgt": 4467145.388203017, "time": 9.382389385840856, "error_r": 0.010935643935032496, "error_t": 0.10216855485848599, "children": [], "ratio": 0.759375}, "fail": {"method": "", "voxel_size": 0.0, "noise_src": 0.0, "num_points_src": 242078.0, "num_points_tgt": 4491181.456140351, "time": 9.66540961516531, "error_r": 0.3805799025404233, "error_t": 3.5080992799031625, "children": [], "ratio": 0.11875}, "fail_total": {"method": "", "voxel_size": 0.0, "noise_src": 0.0, "num_points_src": 242078.0, "num_points_tgt": 4015388.205128205, "time": 8.885334581391424, "error_r": 93.15855471264582, "error_t": 705.5682614677785, "children": [], "ratio": 0.121875}}}, "voxel_size: 0.08": {"noise_src: 0.02": {"succ": {"method": "", "voxel_size": 0.0, "noise_src": 0.0, "num_points_src": 242078.0, "num_points_tgt": 6991057.039030955, "time": 10.284906310637258, "error_r": 0.009513681538310089, "error_t": 0.08497964940559648, "children": [], "ratio": 0.7739583333333333}, "fail": {"method": "", "voxel_size": 0.0, "noise_src": 0.0, "num_points_src": 242078.0, "num_points_tgt": 6889774.488188976, "time": 10.647741721371027, "error_r": 0.3639138605967264, "error_t": 3.395728426881845, "children": [], "ratio": 0.13229166666666667}, "fail_total": {"method": "", "voxel_size": 0.0, "noise_src": 0.0, "num_points_src": 242078.0, "num_points_tgt": 5707451.466666667, "time": 9.191157950295342, "error_r": 90.18209476860032, "error_t": 613.6619155475602, "children": [], "ratio": 0.09375}}, "noise_src: 0.04": {"succ": {"method": "", "voxel_size": 0.0, "noise_src": 0.0, "num_points_src": 242078.0, "num_points_tgt": 6908484.048979592, "time": 10.553937623938735, "error_r": 0.010953937476079376, "error_t": 0.09573422841763879, "children": [], "ratio": 0.765625}, "fail": {"method": "", "voxel_size": 0.0, "noise_src": 0.0, "num_points_src": 242078.0, "num_points_tgt": 7264608.860655738, "time": 11.364206579865002, "error_r": 0.34863816436564243, "error_t": 2.9562773627874375, "children": [], "ratio": 0.12708333333333333}, "fail_total": {"method": "", "voxel_size": 0.0, "noise_src": 0.0, "num_points_src": 242078.0, "num_points_tgt": 6002858.990291262, "time": 9.698913430704653, "error_r": 99.663330800112, "error_t": 650.619596757021, "children": [], "ratio": 0.10729166666666666}}}, "voxel_size: 0.06": {"noise_src: 0.02": {"succ": {"method": "", "voxel_size": 0.0, "noise_src": 0.0, "num_points_src": 242078.0, "num_points_tgt": 12330102.440107672, "time": 12.925556721308672, "error_r": 0.009551917043918048, "error_t": 0.0901800663350633, "children": [], "ratio": 0.7739583333333333}, "fail": {"method": "", "voxel_size": 0.0, "noise_src": 0.0, "num_points_src": 242078.0, "num_points_tgt": 12649377.95522388, "time": 13.423454241966134, "error_r": 0.38466350624827783, "error_t": 3.574082322655203, "children": [], "ratio": 0.13958333333333334}, "fail_total": {"method": "", "voxel_size": 0.0, "noise_src": 0.0, "num_points_src": 242078.0, "num_points_tgt": 9570070.590361446, "time": 10.630399703979492, "error_r": 93.54377615177897, "error_t": 641.8520795115616, "children": [], "ratio": 0.08645833333333333}}, "noise_src: 0.04": {"succ": {"method": "", "voxel_size": 0.0, "noise_src": 0.0, "num_points_src": 242078.0, "num_points_tgt": 12140673.495314592, "time": 13.233533271664436, "error_r": 0.010920810529858724, "error_t": 0.10246221752141418, "children": [], "ratio": 0.7797494780793319}, "fail": {"method": "", "voxel_size": 0.0, "noise_src": 0.0, "num_points_src": 242078.0, "num_points_tgt": 13004485.0, "time": 14.454474797769755, "error_r": 0.35914416907986757, "error_t": 3.281626098574063, "children": [], "ratio": 0.12421711899791232}, "fail_total": {"method": "", "voxel_size": 0.0, "noise_src": 0.0, "num_points_src": 242078.0, "num_points_tgt": 10813834.869565217, "time": 12.4046550989151, "error_r": 95.98320717743294, "error_t": 673.0443009187596, "children": [], "ratio": 0.09603340292275574}}}}}, "stddev": {"r_upper_bound_success": 2, "t_upper_bound_success": 0.8, "r_upper_bound_fail": 8, "t_upper_bound_fail": 10, "statistics": {"voxel_size: 0.1": {"noise_src: 0.02": {"succ": {"method": "", "voxel_size": 0.0, "noise_src": 0.0, "num_points_src": 0.0, "num_points_tgt": 2741877.150745581, "time": 5.219060038285902, "error_r": 0.01271115218252778, "error_t": 0.10665460758197289, "children": [], "ratio": 0.7489583333333333}, "fail": {"method": "", "voxel_size": 0.0, "noise_src": 0.0, "num_points_src": 0.0, "num_points_tgt": 2660452.7702404745, "time": 4.895536693399442, "error_r": 0.3285987602489686, "error_t": 2.5011421892513184, "children": [], "ratio": 0.12291666666666666}, "fail_total": {"method": "", "voxel_size": 0.0, "noise_src": 0.0, "num_points_src": 0.0, "num_points_tgt": 2293655.119724629, "time": 4.22000671155185, "error_r": 67.44820118448617, "error_t": 10302.851669907355, "children": [], "ratio": 0.128125}}, "noise_src: 0.04": {"succ": {"method": "", "voxel_size": 0.0, "noise_src": 0.0, "num_points_src": 0.0, "num_points_tgt": 2787559.7367925863, "time": 5.6160106835577865, "error_r": 0.013004961506201475, "error_t": 0.11578285602711552, "children": [], "ratio": 0.759375}, "fail": {"method": "", "voxel_size": 0.0, "noise_src": 0.0, "num_points_src": 0.0, "num_points_tgt": 2572699.5293371547, "time": 5.070492053586867, "error_r": 0.22905870104929194, "error_t": 2.076744462753046, "children": [], "ratio": 0.11875}, "fail_total": {"method": "", "voxel_size": 0.0, "noise_src": 0.0, "num_points_src": 0.0, "num_points_tgt": 2070916.5015434716, "time": 3.866467603506922, "error_r": 68.33697685776839, "error_t": 779.3716953411217, "children": [], "ratio": 0.121875}}}, "voxel_size: 0.08": {"noise_src: 0.02": {"succ": {"method": "", "voxel_size": 0.0, "noise_src": 0.0, "num_points_src": 0.0, "num_points_tgt": 4261580.86381771, "time": 6.2078576238583825, "error_r": 0.018114361523597723, "error_t": 0.10904967746032077, "children": [], "ratio": 0.7739583333333333}, "fail": {"method": "", "voxel_size": 0.0, "noise_src": 0.0, "num_points_src": 0.0, "num_points_tgt": 4067046.8296310166, "time": 6.0795649784398185, "error_r": 0.234622099831149, "error_t": 2.1141400305750118, "children": [], "ratio": 0.13229166666666667}, "fail_total": {"method": "", "voxel_size": 0.0, "noise_src": 0.0, "num_points_src": 0.0, "num_points_tgt": 3674913.336967636, "time": 5.422296283363015, "error_r": 70.90549832487093, "error_t": 461.8589026979535, "children": [],