{"mean_homo": {"method": "ransac_icp", "voxel_size": 0.06, "noise_src": 0.04, "num_points_src": 242078.0, "num_points_tgt": 7801331.288888888, "time": 10.88985996072491, "error_r": 9.796774867800272, "error_t": 88.37569513923589, "children": [], "ratio": 0.0}, "stddev_homo": {"method": "ransac_icp", "voxel_size": 0.06, "noise_src": 0.04, "num_points_src": 0.0, "num_points_tgt": 6102219.882806186, "time": 6.8156378248913, "error_r": 36.11397977774053, "error_t": 1539.8059169245207, "children": [], "ratio": 0.0}, "mean": {"r_upper_bounds": [0.5], "t_upper_bounds": [0.8], "statistics": {"0.1": {"0.02": {"0": {"method": "ransac_icp", "voxel_size": 0.1, "noise_src": 0.02, "num_points_src": 242078.0, "num_points_tgt": 4488565.027816412, "time": 9.120885459703597, "error_r": 0.009383035014956796, "error_t": 0.08668401896632495, "children": [], "ratio": 0.7489583333333333}, "1": {"method": "ransac_icp", "voxel_size": 0.1, "noise_src": 0.02, "num_points_src": 242078.0, "num_points_tgt": 4195500.950207469, "time": 8.949981914021663, "error_r": 42.662743198415114, "error_t": 774.1775524205743, "children": [], "ratio": 0.25104166666666666}}, "0.04": {"1": {"method": "ransac_icp", "voxel_size": 0.1, "noise_src": 0.04, "num_points_src": 242078.0, "num_points_tgt": 4250195.264069264, "time": 9.270306675981134, "error_r": 47.37202168947692, "error_t": 359.09701259584, "children": [], "ratio": 0.240625}, "0": {"method": "ransac_icp", "voxel_size": 0.1, "noise_src": 0.04, "num_points_src": 242078.0, "num_points_tgt": 4467145.388203017, "time": 9.382389385840856, "error_r": 0.010935643935032496, "error_t": 0.10216855485848599, "children": [], "ratio": 0.759375}}}, "0.08": {"0.02": {"0": {"method": "ransac_icp", "voxel_size": 0.08, "noise_src": 0.02, "num_points_src": 242078.0, "num_points_tgt": 6991057.039030955, "time": 10.284906310637258, "error_r": 0.009513681538310089, "error_t": 0.08497964940559648, "children": [], "ratio": 0.7739583333333333}, "1": {"method": "ransac_icp", "voxel_size": 0.08, "noise_src": 0.02, "num_points_src": 242078.0, "num_points_tgt": 6399410.101382488, "time": 10.043628636593093, "error_r": 37.61569396069038, "error_t": 256.50152032025073, "children": [], "ratio": 0.22604166666666667}}, "0.04": {"0": {"method": "ransac_icp", "voxel_size": 0.08, "noise_src": 0.04, "num_points_src": 242078.0, "num_points_tgt": 6905047.644414169, "time": 10.550097740963304, "error_r": 0.010175734360038668, "error_t": 0.09513343435671427, "children": [], "ratio": 0.7645833333333333}, "1": {"method": "ransac_icp", "voxel_size": 0.08, "noise_src": 0.04, "num_points_src": 242078.0, "num_points_tgt": 6699148.504424779, "time": 10.614131406345198, "error_r": 45.61256231632208, "error_t": 298.11956204116086, "children": [], "ratio": 0.23541666666666666}}}, "0.06": {"0.02": {"0": {"method": "ransac_icp", "voxel_size": 0.06, "noise_src": 0.02, "num_points_src": 242078.0, "num_points_tgt": 12330102.440107672, "time": 12.925556721308672, "error_r": 0.009551917043918048, "error_t": 0.0901800663350633, "children": [], "ratio": 0.7739583333333333}, "1": {"method": "ransac_icp", "voxel_size": 0.06, "noise_src": 0.02, "num_points_src": 242078.0, "num_points_tgt": 11471578.3640553, "time": 12.355143059233916, "error_r": 36.01695083149735, "error_t": 247.7080628142646, "children": [], "ratio": 0.22604166666666667}}, "0.04": {"0": {"method": "ransac_icp", "voxel_size": 0.06, "noise_src": 0.04, "num_points_src": 242078.0, "num_points_tgt": 12140673.495314592, "time": 13.233533271664436, "error_r": 0.010920810529858724, "error_t": 0.10246221752141418, "children": [], "ratio": 0.7797494780793319}, "1": {"method": "ransac_icp", "voxel_size": 0.06, "noise_src": 0.04, "num_points_src": 242078.0, "num_points_tgt": 12049320.01421801, "time": 13.560714549927916, "error_r": 42.05304841916747, "error_t": 295.31084924292037, "children": [], "ratio": 0.22025052192066805}}}}}, "stddev": {"r_upper_bounds": [0.5], "t_upper_bounds": [0.8], "statistics": {"0.1": {"0.02": {"0": {"method": "ransac_icp", "voxel_size": 0.1, "noise_src": 0.02, "num_points_src": 0.0, "num_points_tgt": 2741877.150745581, "time": 5.219060038285902, "error_r": 0.01271115218252778, "error_t": 0.10665460758197289, "children": [], "ratio": 0.7489583333333333}, "1": {"method": "ransac_icp", "voxel_size": 0.1, "noise_src": 0.02, "num_points_src": 0.0, "num_points_tgt": 2512734.3555743443, "time": 4.601161027704615, "error_r": 63.508004339135056, "error_t": 7398.983960633505, "children": [], "ratio": 0.25104166666666666}}, "0.04": {"1": {"method": "ransac_icp", "voxel_size": 0.1, "noise_src": 0.04, "num_points_src": 0.0, "num_points_tgt": 2344182.977420145, "time": 4.517959949901212, "error_r": 67.20786113837583, "error_t": 656.3976464984139, "children": [], "ratio": 0.240625}, "0": {"method": "ransac_icp", "voxel_size": 0.1, "noise_src": 0.04, "num_points_src": 0.0, "num_points_tgt": 2787559.7367925863, "time": 5.6160106835577865, "error_r": 0.013004961506201475, "error_t": 0.11578285602711552, "children": [], "ratio": 0.759375}}}, "0.08": {"0.02": {"0": {"method": "ransac_icp", "voxel_size": 0.08, "noise_src": 0.02, "num_points_src": 0.0, "num_points_tgt": 4261580.86381771, "time": 6.2078576238583825, "error_r": 0.018114361523597723, "error_t": 0.10904967746032077, "children": [], "ratio": 0.7739583333333333}, "1": {"method": "ransac_icp", "voxel_size": 0.08, "noise_src": 0.02, "num_points_src": 0.0, "num_points_tgt": 3952348.702846253, "time": 5.860093221753343, "error_r": 63.58773206280607, "error_t": 422.93389309529204, "children": [], "ratio": 0.22604166666666667}}, "0.04": {"0": {"method": "ransac_icp", "voxel_size": 0.08, "noise_src": 0.04, "num_points_src": 0.0, "num_points_tgt": 4223685.476003049, "time": 6.507042315542989, "error_r": 0.012244515543087475, "error_t": 0.11202185372862127, "children": [], "ratio": 0.7645833333333333}, "1": {"method": "ransac_icp", "voxel_size": 0.08, "noise_src": 0.04, "num_points_src": 0.0, "num_points_tgt": 4120407.2332771714, "time": 6.04184004563321, "error_r": 68.18899523491905, "error_t": 446.89638960662205, "children": [], "ratio": 0.23541666666666666}}}, "0.06": {"0.02": {"0": {"method": "ransac_icp", "voxel_size": 0.06, "noise_src": 0.02, "num_points_src": 0.0, "num_points_tgt": 7544433.812804117, "time": 8.026262970780131, "error_r": 0.012305663554125242, "error_t": 0.10937837170729925, "children": [], "ratio": 0.7739583333333333}, "1": {"method": "ransac_icp", "voxel_size": 0.06, "noise_src": 0.02, "num_points_src": 0.0, "num_points_tgt": 7155565.101940489, "time": 7.262750718255316, "error_r": 61.86705760434263, "error_t": 428.19657610696737, "children": [], "ratio": 0.22604166666666667}}, "0.04": {"0": {"method": "ransac_icp", "voxel_size": 0.06, "noise_src": 0.04, "num_points_src": 0.0, "num_points_tgt": 7638651.373315083, "time": 8.457142347756449, "error_r": 0.013613136424591787, "error_t": 0.12337945589852665, "children": [], "ratio": 0.7797494780793319}, "1": {"method": "ransac_icp", "voxel_size": 0.06, "noise_src": 0.04, "num_points_src": 0.0, "num_points_tgt": 6829113.693724462, "time": 7.491353225821062, "error_r": 65.38120598273349, "error_t": 461.0250201990575, "children": [], "ratio": 0.22025052192066805}}}}}}